складывается,impf
образует,perf
открывается,impf
откройте,perf
начните,perf
открывает,impf
понимаешь,impf
сочиняли,impf
звучал,impf
продолжает,impf
касается,impf
создают,impf
голодай,impf
отличается,impf
образуют,impf
протянулся,perf
удалось,perf
получилось,perf
занимают,impf
придают,impf
повторяет,impf
являют,impf
была,impf
началась,perf
был,impf
рассказывает,impf
заложил,perf
гласит,impf
взял,perf
вырезал,impf
сложил,perf
сказал,perf
начал,perf
появился,perf
поставили,perf
окропило,perf
поставил,perf
сложилось,perf
основал,perf
помните,impf
начало,perf
вёл,impf
обосновывался,impf
контролировал,impf
оценили,perf
основали,perf
стала,perf
было,impf
соорудили,perf
вспыхнуло,perf
прогнали,perf
пригласили,perf
стало,perf
закончилась,perf
начался,perf
сел,perf
играли,impf
стал,perf
установил,perf
обитали,impf
стояли,impf
называли,impf
относят,impf
разбил,perf
потеряли,perf
наклали,impf
повезли,perf
могло,impf
вошли,perf
встали,perf
начали,perf
назвали,perf
смогли,perf
осадили,perf
разрушили,perf
применили,perf
были,impf
увидели,perf
двигаются,impf
сталкивался,impf
построили,perf
берёт,impf
объявлялись,impf
закрепил,perf
признали,perf
фиксируется,impf
теряла,impf
находятся,impf
возникает,impf
пришли,perf
существует,impf
закрепился,perf
вырос,perf
соединял,impf
справлял,impf
хотел,impf
идёт,impf
стоит,impf
может,impf
предполагается,impf
жило,impf
составляли,impf
завершилась,perf
продержалась,perf
пала,perf
существовало,impf
породило,perf
считается,impf
началось,perf
велось,impf
получила,perf
назвал,perf
отмечает,impf
удался,perf
произошёл,perf
вытеснила,perf
размещался,impf
имеется,impf
называл,impf
петри,impf
встречалось,impf
встречались,impf
состоялось,perf
сказалась,perf
шла,impf
присвоил,perf
устроили,perf
строился,impf
сказалось,perf
писал,impf
смотрите,impf
отвечают,impf
остаётся,impf
преображается,impf
воспринимается,impf
звучит,impf
плывут,impf
освещают,impf
отражаются,impf
находится,impf
включают,impf
присутствует,impf
доходит,perf
тени,impf
сливаются,impf
путаются,impf
душу,impf
уводит,impf
исчезает,impf
хватает,impf
повторяются,impf
вызывают,impf
представляет,impf
лежат,impf
высвечивают,impf
суть,impf
говорит,impf
называют,impf
начинается,impf
называлась,impf
перекинулось,perf
намывают,impf
уходит,impf
назывался,impf
именовался,impf
ассоциируется,impf
включает,impf
пристань,perf
застраивался,impf
перестраивались,impf
получили,perf
превосходили,impf
руководил,impf
поднимали,impf
перестраивали,impf
появилась,perf
поднимался,impf
опускался,impf
стали,perf
возродили,perf
пытались,impf
решили,perf
раздаётся,impf
имели,impf
сверяли,impf
прекратили,perf
носили,impf
облицовывают,impf
возмутилась,perf
распорядилась,perf
выполнили,perf
осталось,perf
перестраивают,impf
похоронили,perf
появились,perf
изучал,impf
называются,impf
заменяются,impf
содержит,impf
весит,impf
становилась,impf
знает,impf
дал,perf
является,impf
признал,perf
задумывалось,impf
располагалась,impf
угрожали,impf
возвели,perf
установили,perf
строили,impf
оказалось,perf
понадобилась,perf
строилось,impf
вырыли,perf
насыпали,perf
организовали,perf
предохранял,impf
представляло,impf
трудились,impf
работали,impf
селились,impf
сохранились,perf
выполняли,impf
сошло,perf
закрылось,perf
располагался,impf
приказал,perf
заседал,impf
продолжались,impf
подкреплял,impf
следовали,impf
родил,perf
пробил,perf
перестраивалось,impf
возникло,perf
перестраивал,impf
возникла,perf
пожелала,perf
воспротивилась,perf
расходились,impf
ездил,impf
отправлял,impf
построил,perf
составила,perf
состоит,impf
проходил,perf
иллюстрируют,perf
декорирует,perf
вручает,impf
разместили,perf
передали,perf
ведёт,impf
решалась,impf
предлагались,impf
принял,perf
выгравировали,perf
хранятся,impf
входит,impf
плывёт,impf
присмотритесь,perf
поймёте,perf
подметил,perf
«нет,perf
составляет,impf
напоминает,impf
пересекает,impf
подходят,impf
пересекают,impf
называется,impf
обращает,impf
проходит,impf
соединяет,impf
заканчивается,impf
задумывается,impf
говорили,impf
исчезла,perf
занимались,impf
бытует,impf
предпринималась,impf
отказались,perf
прошла,perf
получил,perf
встречал,impf
праздновал,impf
подновили,perf
украсили,perf
проходило,perf
украшают,impf
продавались,impf
сохранило,perf
сформировался,perf
замостили,perf
начинают,impf
начинает,impf
устраивались,impf
вырастали,impf
проложили,perf
заменила,perf
приживалось,impf
пошли,perf
складывался,impf
менялся,impf
меняется,impf
остаются,impf
приходилось,impf
привлекает,impf
объясняется,impf
пришлось,perf
удовлетворила,perf
соединили,perf
пересеклись,perf
оказалась,perf
доходил,perf
посетил,perf
пожаловался,perf
продаются,impf
велел,perf
пригласил,perf
устроил,perf
купит,perf
«даю,impf
крикнул,perf
возразил,perf
прибавил,perf
«три,impf
закричал,perf
поцеловал,perf
строит,impf
будет,impf
носит,impf
находился,impf
обветшали,perf
разработал,perf
сушилась,impf
предложил,perf
справился,perf
решил,perf
украсил,perf
придал,perf
снабдил,perf
отметил,perf
играет,impf
имеет,impf
позволяет,impf
выделяется,impf
создавала,impf
ставились,impf
прозвали,perf
выстроили,perf
использовал,perf
оборудовали,perf
прославилась,perf
располагались,impf
являются,impf
ведутся,impf
планируют,impf
начнётся,perf
покоятся,impf
состоялась,perf
произошла,perf
одобрил,perf
продолжалось,impf
вошла,perf
сохранилось,perf
совершался,impf
хранились,impf
означает,impf
оформились,perf
впадает,impf
создавались,impf
лежит,impf
осуществлялись,impf
возводился,impf
оказался,perf
грозил,impf
поручила,perf
завершилось,perf
сделал,perf
вписалось,perf
завершается,impf
проникает,impf
принадлежал,impf
имелись,impf
сохранилась,perf
спроектировал,perf
завершает,impf
сохранился,perf
образовалось,perf
сделалось,perf
располагается,impf
разместились,perf
находились,impf
размещается,impf
именуют,impf
возник,perf
«двенадцати,perf
образовали,perf
разгружались,impf
разделяла,impf
представил,perf
переработал,perf
указывала,impf
действовали,impf
зажигаются,impf
используется,impf
произошло,perf
связывают,impf
рос,impf
протягивал,impf
держал,impf
выплывал,impf
производила,impf
находилась,impf
демонстрируются,impf
хранится,impf
размещаются,impf
насчитывает,impf
экспонируются,impf
принадлежат,impf
удостаивалась,impf
видели,impf
выполняла,impf
встречают,impf
перевели,perf
продолжают,impf
останавливаются,impf
протянулась,perf
вела,impf
происходило,impf
отмечалось,impf
работал,impf
выступали,impf
открылся,perf
вытеснило,perf
открывался,impf
изумлял,impf
восхищал,impf
приезжал,impf
декорировал,perf
представляют,impf
вошёл,perf
бывали,impf
читал,impf
купил,perf
относится,impf
завещал,perf
состояла,impf
сбили,perf
встал,perf
приветствовал,perf
кацебу,perf
нашёл,perf
упирается,impf
окрестили,perf
примет,perf
отделяется,impf
именовалась,impf
обозначалась,impf
употреблялось,impf
прибыло,perf
догадывался,impf
выдавало,impf
попытался,perf
прояснилась,perf
упал,perf
умолял,impf
скупил,perf
приглашал,impf
привезли,perf
свидетельствует,impf
предоставила,perf
переехал,perf
помещался,impf
сравните,perf
прорезают,impf
жил,impf
проводил,perf
обтянули,perf
расписали,perf
украшало,impf
соответствовали,impf
наносили,impf
оседал,impf
случилось,perf
заменил,perf
разбили,perf
обнесли,perf
демонстрируется,impf
дают,impf
переименовывали,impf
вымарывалось,impf
упростили,perf
выделялось,impf
приобрело,perf
осталась,perf
представляла,impf
возвышалась,impf
вытекали,impf
прорыли,perf
имелся,impf
проводили,perf
сопровождались,impf
назывались,impf
перестроили,perf
содержали,impf
числился,impf
проводилась,impf
зверей,impf
поселился,perf
повелела,perf
составил,perf
посадили,perf
приказала,perf
превратился,perf
размещались,impf
разрушило,perf
переносилась,impf
оседала,impf
создал,perf
перенесли,perf
изобрёл,perf
посещал,impf
владела,impf
сделали,perf
заложили,perf
переходило,perf
разместился,perf
располагалось,impf
именовались,impf
являлись,impf
отмечались,impf
состоялся,perf
устраивали,impf
писала,impf
устраиваются,impf
завелись,perf
принадлежит,impf
строятся,impf
водружаются,impf
воздвигается,impf
помещаются,impf
посылаются,impf
устраивается,impf
предлагает,impf
теснятся,impf
ждут,impf
разыгрывается,impf
прекратились,perf
проводились,impf
увенчалась,perf
провели,perf
проиграла,perf
предпринимались,impf
предлагали,impf
состоялись,perf
появлялись,impf
поспешили,perf
погибло,perf
переименовали,perf
использовались,impf
говорится,impf
высадили,perf
выращивались,impf
вернули,perf
возводилось,impf
возвышается,impf
проложил,perf
занимала,impf
простиралась,impf
возвёл,perf
решала,impf
хотелось,impf
приходили,impf
напоминала,impf
остановилось,perf
возобновилась,perf
предполагалось,impf
предусматривал,impf
заключалось,impf
явилось,perf
выходят,impf
представляли,impf
превратили,perf
просуществовали,perf
заняло,perf
выходило,perf
примыкает,impf
подвели,perf
закончили,perf
сохранил,perf
вливается,impf
входят,impf
меняла,impf
создавали,impf
существовал,impf
пасли,impf
застраивалась,impf
предполагал,impf
размещалась,impf
планировался,impf
отлили,perf
понравилась,perf
вспомнил,perf
сей,impf
доставляла,impf
выходили,perf
победил,perf
увидел,perf
объединил,perf
получилась,perf
сгорел,perf
планировал,impf
появилось,perf
парит,impf
сдерживают,impf
раскрывает,impf
приветствуют,perf
застыли,perf
совпало,perf
воевала,impf
усомнился,perf
сомневаются,impf
выдержит,perf
поднялся,perf
выдержало,perf
достигает,impf
прошли,perf
примыкали,impf
выполнил,perf
происходили,impf
перекрасили,perf
изображали,impf
передавались,impf
покрыли,perf
проходят,impf
обустраивали,impf
одевают,impf
забивали,impf
клали,impf
заливали,impf
отказался,perf
приобрёл,perf
обратил,perf
продал,perf
перепродал,perf
входили,impf
являлся,impf
владели,impf
отдаётся,impf
купила,perf
подарила,perf
проживали,impf
сдавали,impf
размещалось,impf
занимал,impf
прилегал,impf
перенёс,perf
обратились,perf
написал,perf
простит,perf
требует,impf
отправился,perf
возвращается,impf
участвовал,impf
отлил,perf
изобразил,perf
прикрывает,impf
скончался,perf
присутствовал,impf
служат,impf
пострадал,perf
заменили,perf
планировали,impf
просвистел,perf
влетел,perf
поражает,impf
стремился,impf
попал,perf
восходит,impf
менял,impf
носил,impf
занялся,perf
проходили,perf
могли,impf
принималась,impf
принимал,impf
именовал,impf
подвергался,impf
гарантировал,perf
считал,perf
делился,impf
опоясал,perf
делится,impf
дошёл,perf
становится,impf
переделывал,impf
оставили,perf
открыли,perf
собираются,impf
длится,impf
привлекала,impf
наблюдала,impf
пострадала,perf
укрепили,perf
спустилась,perf
издали,perf
стоят,impf
выделяются,impf
украшали,impf
теряет,impf
перемещаются,impf
соединил,perf
закрыли,perf
снесли,perf
прорезает,impf
выходит,impf
играют,impf
перекликаются,impf
формировался,impf
определил,perf
изменила,perf
развернулось,perf
выросли,perf
относятся,impf
строил,impf
жила,impf
обрамляет,impf
разместил,perf
вошло,perf
работает,impf
имела,impf
перепланировали,perf
учился,impf
высится,impf
предполагали,impf
применил,perf
присудила,perf
перевёл,perf
кажутся,impf
забыли,perf
хотела,impf
угасала,impf
открыла,perf
переехало,perf
положил,perf
венчает,perf
располагаются,impf
опоясывает,impf
хранился,impf
имеют,impf
завершают,impf
изобилует,impf
строилась,impf
почиталась,impf
выглядит,impf
расположились,perf
успел,perf
покажутся,perf
упоминается,impf
мог,impf
преподавал,impf
украсила,perf
вернулся,perf
ветшало,impf
требовал,impf
увеличилось,perf
повелел,perf
участвовали,impf
предлагал,impf
перерабатывался,impf
задумывал,impf
положили,perf
утвердил,perf
приступили,perf
символизирует,impf
создали,perf
завершил,perf
раскрывают,impf
прославляют,impf
планировалось,impf
высказался,perf
переехала,perf
позволило,perf
заняла,perf
любят,impf
покинул,perf
заставляет,impf
уходят,perf
вышло,perf
пообещал,perf
останется,perf
сможет,perf
распорядился,perf
приехал,perf
оправдывался,impf
спасло,perf
прогнал,perf
разрешил,perf
выделил,perf
пытался,impf
поручал,impf
рассматривался,impf
оказал,perf
остался,perf
носят,impf
выполняют,impf
выступает,impf
выталкивает,impf
использовали,perf
нависает,impf
украшает,impf
возлегают,impf
придавало,impf
изумляло,impf
растянулось,perf
расположился,perf
занял,perf
входило,impf
прекратилось,perf
ограничивают,impf
числилась,impf
начались,perf
включал,impf
отправлялись,impf
утвердила,perf
подчёркивалось,impf
встречали,impf
«при,impf
играни,perf
заложила,perf
предоставлялись,impf
жалел,impf
передал,perf
сменил,perf
сходит,impf
делались,impf
осуществились,perf
изменилось,perf
изыскало,perf
повлияли,perf
издал,perf
обращалось,impf
заняли,perf
приобретал,impf
случился,perf
просили,impf
покинули,perf
остались,perf
проводила,perf
перестал,perf
доминирует,impf
высекли,perf
произойдёт,perf
венчалась,perf
замечаешь,impf
умело,impf
обладало,impf
занималось,impf
устраивало,impf
состояло,impf
возглавлял,impf
пользовались,impf
созывались,impf
собиралось,impf
уделяло,impf
хозяйничала,impf
переезжает,impf
прибыли,perf
совершали,impf
прилагался,impf
вызывали,impf
демонстрировали,impf
считалось,impf
могла,impf
прекращались,impf
посылали,impf
прибывали,impf
прошёл,perf
подхватили,perf
принимали,impf
осуществлял,impf
допускались,impf
произносились,impf
послужили,perf
разместилась,perf
повторяют,impf
подчёркивают,impf
претендует,impf
танцевала,impf
усыновил,perf
уехала,perf
провела,perf
позволили,perf
решила,perf
отделяла,impf
потеряла,perf
переместились,perf
выросла,perf
оформил,perf
указывалось,impf
желает,impf
взялся,perf
отражали,impf
повторял,impf
уделила,perf
нашлось,perf
поражал,impf
прогуливались,impf
славились,impf
наступили,perf
покинула,perf
вернулась,perf
занимает,impf
охватывают,impf
унаследовал,perf
заметит,perf
являлась,impf
привыкли,perf
разобрали,perf
хотели,impf
запрещалось,impf
понял,perf
олицетворял,impf
поддержала,perf
выделяли,impf
решали,impf
относили,impf
символизируют,impf
олицетворяет,impf
поддерживает,impf
применялись,impf
убирали,impf
очищалась,impf
замечал,impf
хватило,perf
сидит,impf
ассоциировалось,impf
знал,impf
шила,impf
отдало,perf
уцелел,perf
сносили,impf
получалось,impf
исчез,perf
восстановили,perf
воссоздали,perf
обосновалось,perf
останавливал,impf
совмещается,impf
село,perf
проходила,perf
привёл,perf
преодолел,perf
отправились,perf
желал,impf
достигала,impf
добрался,perf
выглядела,perf
ошарашивало,impf
сообщали,impf
продолжала,impf
построила,perf
насыпь,perf
становился,impf
путешествовала,impf
группируются,impf
читается,impf
отражает,impf
имело,impf
простирается,impf
прибавилось,perf
домчался,perf
красуется,impf
переносят,impf
задумывалась,impf
закрепилось,perf
превращает,impf
отличались,impf
проявлялась,impf
отличал,impf
переносится,impf
организовывал,impf
занимался,impf
уехал,perf
велись,impf
привлекались,impf
близились,impf
внёс,perf
маттарнови,perf
дополняют,impf
сосредоточил,perf
подчинил,perf
утратил,perf
перешёл,perf
обращают,impf
умер,perf
вернула,perf
перестроил,perf
выстроил,perf
обреталась,impf
шло,impf
трудилось,impf
покрывали,impf
накопилось,perf
устремились,perf
нашлись,perf
въехал,perf
прожил,perf
отрёкся,perf
хоронили,impf
распространился,perf
хоронят,impf
сработал,perf
окаймляет,impf
объединяют,impf
подчёркивает,impf
ведут,impf
подписал,perf
действовало,impf
примкнули,perf
придётся,perf
приобрела,perf
называла,impf
чувствовала,impf
чудилась,impf
принимала,impf
жили,impf
получило,perf
сменила,perf
действовал,impf
искало,impf
пыталось,impf
преподнёс,perf
похитил,perf
соединялись,impf
приказывает,impf
любила,impf
осуществляли,impf
привели,perf
вспоминали,impf
придумала,perf
ориентируется,impf
дополняются,impf
сменяются,perf
подаются,impf
собрала,perf
потребовала,perf
организовала,perf
выставлялись,impf
перестали,perf
окружают,impf
действует,impf
радуют,impf
побывал,perf
согласится,perf
завораживают,impf
поддерживают,impf
увлеклась,perf
тратились,impf
понимала,impf
приумножает,impf
требовали,impf
приступил,perf
осуществлялось,impf
связывает,impf
откликнулся,perf
познакомился,perf
задумал,perf
имел,impf
запретил,perf
воодушевили,perf
воссоздал,perf
приподнимает,impf
просвещает,impf
даёт,impf
возбуждает,impf
зарождает,impf
приносило,impf
заключаются,impf
взирали,impf
видел,impf
представлял,impf
заносит,impf
ходили,impf
осуществлялся,impf
разводился,impf
ходила,impf
обронила,perf
кинулись,perf
отдал,perf
определяют,impf
свежей,impf
освятили,perf
успели,perf
читали,impf
шутили,impf
вчитывался,impf
сбылась,perf
распространились,perf
предрекла,perf
вчитывались,impf
пересчитывали,impf
сбылось,perf
вспоминал,impf
любил,impf
умрёт,perf
родился,perf
достиг,perf
снял,perf
захотела,perf
вспомнили,perf
делает,impf
сделала,perf
добился,perf
пустовало,impf
подтверждает,impf
сыграл,perf
расположил,perf
спланировал,perf
делало,impf
шли,impf
поселилась,perf
прожила,perf
унаследовали,perf
продали,perf
запечатлел,perf
возросла,perf
увеличилась,perf
провёл,perf
переходил,perf
разламывалось,impf
переиначивалось,impf
увидела,perf
сказала,perf
верится,impf
заказал,perf
послужил,perf
поместил,perf
рыли,impf
вышла,perf
оставляла,impf
женился,perf
поселились,perf
продолжал,impf
грянул,perf
коснулось,perf
снижалась,impf
набрал,perf
смог,perf
подарил,perf
прижилось,perf
прожили,perf
назначил,perf
прекратилась,perf
убил,perf
умерла,perf
отбил,perf
выслали,perf
последовала,perf
пострадали,perf
расстался,perf
владело,impf
закончил,perf
изображают,impf
работала,impf
выселялись,impf
служили,impf
просуществовал,perf
расчистили,perf
показала,perf
оценил,perf
посещала,impf
награждала,impf
доставляли,impf
осуществлялась,impf
использовалось,impf
привозили,impf
знала,impf
прославляли,impf
обустроили,perf
выкупила,perf
выполнялась,impf
отражают,impf
подарили,perf
создаёт,impf
пленяло,impf
очаровывало,impf
вызывало,impf
прибыл,perf
останавливался,impf
посчитал,perf
начинал,impf
взошла,perf
контрастирует,impf
составили,perf
владел,impf
требовала,impf
устраивал,impf
перевезли,perf
перекинул,perf
венчались,perf
водил,impf
пожелал,perf
заведовала,impf
перекрыли,perf
предусмотрел,perf
принимает,impf
собирается,impf
обустраивала,impf
удавалось,impf
подавалась,impf
шлютёр,impf
завершали,impf
прогуливался,impf
выезжал,impf
обедал,impf
выпивал,impf
состоял,impf
подавался,impf
выбирал,impf
надевал,impf
спал,perf
приказывал,impf
столярничал,impf
ложился,impf
умел,impf
ввёл,perf
назначал,impf
обретаются,impf
ездили,impf
запрещал,impf
засыпали,perf
обнаружили,perf
перешли,perf
приводится,impf
помогла,perf
старались,impf
передавался,impf
дарили,impf
будут,impf
выступил,perf
конфисковали,perf
подворачивается,impf
продаёт,impf
отличался,impf
являлось,impf
входил,impf
давали,impf
приходила,impf
прогуливалась,impf
говорила,impf
садилась,impf
раздавались,impf
кушала,impf
запивала,impf
пожаловала,perf
пристраивает,impf
находилось,impf
пристроил,perf
обнёс,perf
сократилась,perf
расписывали,impf
отличала,impf
предпочитал,impf
воспитывались,impf
росли,impf
бывал,impf
оставался,impf
нравился,impf
старался,impf
тянулся,impf
довелось,perf
исполнился,perf
предлагалось,impf
связал,perf
примыкают,impf
обошлось,perf
переехали,perf
заканчивались,impf
послужит,perf
давались,impf
присматривали,impf
доходило,perf
занимали,impf
затихла,perf
приглашала,impf
съезжались,impf
устраивала,impf
поражала,impf
унаследовала,perf
завещала,perf
поручил,perf
учредил,perf
отводился,impf
закрывают,impf
воздвиг,perf
принадлежали,impf
отмечали,impf
отходил,perf
пожаловал,perf
уступил,perf
соседствовали,impf
уживались,impf
сохраняется,impf
возродилась,perf
возглавил,perf
путешествовал,impf
прискакал,perf
случится,perf
возводилась,impf
зовут,impf
восстанавливают,impf
снискал,perf
уцелели,perf
квартировались,impf
обрёл,perf
менялась,impf
обустроил,perf
продаётся,impf
произошли,perf
вызывает,impf
складывалась,impf
заключалась,impf
эксплуатировался,impf
теряется,impf
возводится,impf
настоял,perf
настали,perf
разобьёт,perf
проносились,impf
кидали,impf
останавливало,impf
перешло,perf
вымостили,perf
насчитывалось,impf
украшала,impf
увлекался,impf
разрешал,impf
освобождает,impf
сражается,impf
выходил,perf
производил,impf
занималась,impf
работало,impf
приказывали,impf
пережило,perf
разрешила,perf
поехала,perf
арестовал,perf
способствовало,impf
доношу,impf
сообщалось,impf
изволило,perf
пожаловало,perf
вручила,perf
оставил,perf
останавливались,impf
пустовал,impf
писали,impf
объявляется,impf
обозначали,impf
приспособил,perf
распланировал,perf
отдали,perf
знают,impf
придумал,perf
достроил,perf
мечтал,impf
просил,impf
оставалось,impf
сгорели,perf
отблагодарил,perf
посетила,perf
отметила,perf
появляется,impf
придаёт,impf
предоставляет,impf
смеет,impf
приписывают,impf
разобрал,perf
замкнулось,perf
изменил,perf
убрали,perf
изменили,perf
выгорел,perf
содержался,impf
объяснялась,impf
привык,perf
означало,impf
передавалось,impf
выдала,perf
соорудил,perf
просуществовала,perf
отошёл,perf
перекрашивался,impf
славился,impf
накрывали,impf
уехали,perf
расположилась,perf
ассоциировался,impf
пустовала,impf
свидетельствуют,impf
чувствует,impf
вздыхает,impf
вылились,perf
настаивала,impf
скончались,perf
считались,impf
знали,impf
спросила,perf
пожаловалась,perf
обожал,impf
расширили,perf
содержал,impf
исполнил,perf
чай,impf
раздавали,impf
попивали,impf
открывало,impf
оказывались,impf
отпустил,perf
выразили,perf
ввели,perf
продолжалась,impf
собралось,perf
мучился,impf
преобразовал,perf
поддерживали,impf
отделал,perf
пострадало,perf
называлось,impf
поступала,impf
принесли,perf
общались,impf
посещали,impf
позировал,impf
раздавал,impf
вписал,perf
рассказывали,impf
явилась,perf
повергло,perf
организовал,perf
проявлял,impf
крестили,perf
войдёт,perf
оставалась,impf
отвечало,impf
тяготело,impf
сложилась,perf
создаётся,impf
возводятся,impf
украшался,impf
оставляет,impf
поселяется,impf
затеял,perf
переместили,perf
оклеили,perf
продолжали,impf
проживала,impf
поделил,perf
подбирал,impf
скупал,impf
заботился,impf
радовался,impf
взращивал,impf
пестовал,impf
разглядел,perf
могут,impf
ограничивала,impf
оценивался,impf
гостил,impf
обсуждали,impf
обучались,impf
походила,perf
блистали,impf
вызывал,impf
били,impf
остановился,perf
поглядел,perf
пошатнулось,perf
пробыл,perf
приобрели,perf
переделывался,impf
купили,perf
придали,perf
сочетаются,impf
восприняли,perf
сохраняет,impf
обслуживал,impf
назначили,perf
зачислили,perf
сопровождал,impf
делалась,impf
превратилась,perf
объявили,perf
тону,impf
прославился,perf
приостанавливалось,impf
возобновилось,perf
выбрал,perf
начиналась,impf
командовал,impf
выставляла,impf
объявлял,impf
отправлялся,impf
слышался,impf
возвышались,impf
примыкал,impf
возобновились,perf
сдаётся,impf
соединялся,impf
заключает,impf
укутали,perf
увезли,perf
происходит,impf
отвлёк,perf
поджёг,perf
умчался,perf
воспитывался,impf
претерпел,perf
оформляют,impf
объем,perf
расширила,perf
продолжили,perf
собирался,impf
посвятил,perf
собрали,perf
брал,impf
эмигрировала,perf
передала,perf
страдал,impf
утвердилось,perf
образовывали,impf
превратилось,perf
проявил,perf
осуществил,perf
разнообразили,impf
завершалась,impf
делают,impf
прослеживаются,impf
ушёл,perf
проводятся,impf
живёт,impf
встречаются,impf
сложился,perf
использовалась,impf
велась,impf
завершался,impf
затянулись,perf
доставили,perf
исполнили,perf
возводились,impf
отпевали,impf
рухнул,perf
охватил,perf
дала,perf
приняли,perf
выдвинул,perf
повредила,perf
отремонтировал,perf
реализовывали,impf
воспринимаются,impf
сверкает,impf
венчался,perf
завершал,impf
упала,perf
простоит,perf
подтвердила,perf
объявил,perf
пал,perf
остановил,perf
повлияло,perf
вбили,perf
произвёл,perf
добывался,impf
руководили,impf
просверливали,impf
вставляли,impf
вбивали,impf
появлялась,impf
помещали,impf
продевали,impf
тянули,impf
выламывали,impf
производилась,impf
ушло,perf
предсказал,perf
понадобилось,perf
снимались,impf
жалели,impf
родилась,perf
падёт,perf
снимут,perf
сняли,perf
поднимались,impf
уступает,impf
возникли,perf
закрасили,perf
обвиняли,impf
сплетничали,impf
утверждала,impf
полнился,impf
спросили,perf
ответил,perf
выполняет,impf
совершались,impf
подсказал,perf
запала,perf
добывались,impf
освятил,perf
благоприятствовала,impf
подошёл,perf
верил,impf
переживёт,perf
попросил,perf
свозили,perf
возросло,perf
набальзамировали,perf
выпряг,perf
вёз,impf
казались,impf
отвели,perf
хранили,impf
варили,impf
приняла,perf
желала,impf
гласил,impf
дало,perf
поступил,perf
возродила,perf
собирали,impf
пересматривал,impf
увеличил,perf
хватало,impf
угасло,perf
сложились,perf
совершил,perf
позволяло,impf
достраивал,impf
основала,perf
снимал,impf
вмещал,impf
просила,impf
создала,perf
напоминал,impf
вызвал,perf
просмотрел,perf
заключил,perf
предусматривался,impf
составлял,impf
возвышался,impf
вобрал,perf
соответствовал,impf
превосходил,impf
выделило,perf
превысила,perf
внесла,perf
поставляли,impf
изготовили,perf
весил,impf
пролилась,perf
повесили,perf
окружили,perf
поднимается,impf
отправляют,impf
служит,impf
свозят,perf
мешает,impf
считают,impf
застряла,perf
длилась,impf
успела,perf
продержится,perf
простоят,perf
заставили,perf
покрывался,impf
заставило,perf
присутствовали,impf
помогал,impf
венчают,perf
усиливается,impf
усиливают,impf
продолжил,perf
дали,perf
восхищался,impf
выполнила,perf
повторила,perf
замыкает,impf
происходят,impf
засияли,perf
приходят,impf
звучат,impf
приносят,impf
существуют,impf
напоминают,impf
благоустраивались,impf
пожертвовал,perf
присутствовала,impf
откладывалось,impf
сохранили,perf
обосновался,perf
разместилось,perf
способствовали,impf
влияют,impf
дарит,impf
одержала,perf
завоевал,perf
приурочивались,impf
торговали,impf
нравились,impf
подтверждают,impf
заказала,perf
повторялся,impf
нависали,impf
предоставлялся,impf
искал,impf
восстанавливался,impf
подошли,perf
оговаривалась,impf
заносились,impf
несёт,impf
дожил,perf
имитировала,impf
действовала,impf
функционировали,impf
дополняла,impf
роднит,impf
возводили,impf
обратилась,perf
вернулись,perf
стремились,impf
председательствовал,impf
выпускались,impf
печатались,impf
выбрала,perf
привлекал,impf
оказывался,impf
нарушало,impf
издавались,impf
замедлилось,perf
сократилось,perf
приезжали,impf
улучшилось,perf
вырастает,impf
получает,impf
насчитывала,impf
продолжался,impf
сотрудничал,impf
финансировал,perf
спонсировал,perf
получали,impf
отразились,perf
привело,perf
приглашаются,impf
пишутся,impf
переписывается,impf
оказывается,impf
добирались,impf
поняли,perf
задумали,perf
обсуждались,impf
выяснилось,perf
обойдётся,perf
прибывает,impf
поддержал,perf
помещались,impf
венчала,perf
перестала,perf
поступила,perf
скинули,perf
удерживается,impf
проектировал,impf
устанавливали,impf
использовался,impf
пронеслось,perf
произнёс,perf
попирает,impf
прибил,perf
олицетворяют,impf
воспринимался,impf
бродили,impf
опустели,perf
боялись,impf
упадёт,perf
делал,impf
полюбили,perf
охранял,impf
благословлял,impf
спас,perf
реализовали,perf
развернулись,perf
принимают,impf
покушались,impf
переплелись,perf
угасает,impf
ставили,impf
представлялись,impf
объявила,perf
отклонил,perf
ограничусь,perf
трактую,impf
держит,impf
простирает,impf
собрались,perf
последовал,perf
задумывала,impf
отказалась,perf
уравнивала,impf
умолкли,perf
отсутствовал-то,impf
возникали,impf
гласила,impf
указал,perf
рассказал,perf
шёл,impf
показался,perf
поджидал,impf
приблизились,perf
пошёл,perf
прощай,impf
увидишь,perf
приподнял,perf
услышит,perf
искали,impf
считали,perf
говорите,impf
могу,impf
освободили,perf
прикрывали,impf
приступило,perf
постигла,perf
обращается,impf
обогащает,impf
разрабатывал,impf
повествовали,impf
отправляется,impf
передаёт,impf
награждает,impf
осматривает,impf
видится,impf
готовили,impf
приложил,perf
внесло,perf
сумел,perf
почитается,impf
поддерживало,impf
достались,perf
проследовал,perf
уделял,impf
открывали,impf
создавал,impf
держится,impf
помогают,impf
собирались,impf
поднимаются,impf
высятся,impf
застыл,perf
прячется,impf
отразилась,perf
застыло,perf
охраняют,impf
раскачивались,impf
вмешался,perf
требовались,impf
предусматривалась,impf
приходил,impf
указывали,impf
объясняют,impf
породили,perf
изображался,impf
верили,impf
обладают,impf
встречается,impf
падает,impf
свисает,impf
покрывает,impf
взирает,impf
прибыла,perf
происходила,impf
приехала,perf
изучила,perf
вступила,perf
родила,perf
совершила,perf
осуществляла,impf
вводила,impf
означала,impf
уделяла,impf
воздвигла,perf
прославляла,impf
изображал,impf
передумал,perf
сопровождалось,impf
источают,impf
дарят,impf
зародилась,perf
считаются,impf
повлияла,perf
вознеслась,perf
возвращаются,impf
собрал,perf
значилась,impf
возложили,perf
била,impf
славили,impf
остановили,perf
настаивал,impf
отдалил,perf
заявил,perf
потребовалось,perf
обшили,perf
составляла,impf
управляет,impf
оживляли,impf
коррозирует,perf
обогатилась,perf
управлял,impf
мчались,impf
устраивают,impf
достигается,impf
возвышаются,impf
нашли,perf
заканчивалось,impf
начинался,impf
предложили,perf
обратился,perf
уложили,perf
взяли,perf
бросили,perf
сооружались,impf
несут,impf
отливали,impf
отливались,impf
придало,perf
венчается,perf
держат,impf
завершились,perf
приняло,perf
обмерили,perf
описали,perf
согласились,perf
поднялись,perf
видят,impf
въезжает,impf
покорился,perf
выстоял,perf
узнали,perf
весть,impf
всколыхнула,perf
спешили,impf
объявлялся,impf
начинали,impf
прорезали,impf
раздавался,impf
двигались,impf
превратились,perf
пересекали,impf
высились,impf
перекрывали,impf
соединились,perf
сообщили,perf
взломали,perf
18-й,impf
разгромили,perf
продвинулись,perf
перерезали,impf
сокращался,impf
сражался,impf
вписался,perf
смогут,perf
взялись,perf
определился,perf
горит,impf
ощущается,impf
трои,impf
рвались,impf
выдавалось,impf
выдавали,impf
курсировали,impf
умирали,impf
уносила,impf
возвестил,perf
прислал,perf
защищали,impf
символизировали,perf
умерло,perf
умерли,perf
воссоздаёт,impf
пережила,perf
заканчиваются,impf
экспонируется,impf
применялся,impf
приобретались,impf
брали,impf
предназначался,impf
показывали,impf
смотрели,impf
отводилась,impf
угощали,impf
подвёл,perf
завершались,impf
производились,impf
пополнился,perf
слушал,impf
осматривал,impf
сохраняются,impf
утратили,perf
интересовался,impf
пользовался,impf
входила,impf
отправляла,impf
связало,perf
бродит,impf
гулял,impf
блистала,impf
спасался,impf
ошеломила,perf
поразил,perf
направился,perf
полюбил,perf
«было,impf
посещает,impf
уносит,impf
теснились,impf
перешла,perf
принадлежало,impf
хранит,impf
помнят,impf
ценил,impf
привлекали,impf
имеются,impf
перестало,perf
наступает,impf
ожидали,impf
случалось,impf
завершили,perf
существовали,impf
пришёл,perf
содержат,impf
оказались,perf
сменилась,perf
сменился,perf
ассоциировалась,impf
стрелял,impf
нагонял,perf
давал,impf
расстреливал,impf
отберут,perf
потерял,perf
погиб,perf
возвратилась,perf
побывала,perf
участвовала,impf
ознаменовалось,perf
нёс,impf
отражал,impf
западу,perf
совершал,impf
поизносилась,perf
понимали,impf
делалось,impf
накалились,perf
убили,perf
сошла,perf
характеризовалась,impf
захватила,perf
свела,perf
прозвучал,perf
выяснили,perf
ушли,perf
признала,perf
строй,impf
затонул,perf
подняли,perf
подвергли,perf
поднимают,impf
опускают,impf
снимают,impf
спасают,impf
принадлежала,impf
описывал,impf
погибли,perf
протекала,impf
укрывают,impf
следил,impf
наклоняется,impf
разбудит,perf
покинет,perf
обретёт,perf
решают,impf
обожжёт,perf
прочим,impf
устраивался,impf
живут,impf
окружала,impf
разрешалось,impf
расширяется,impf
запрещался,impf
иду,impf
сплю,impf
встаю,impf
пишу,impf
определила,perf
попадали,impf
«встретимся,perf
рождается,impf
проводится,impf
простирался,impf
разводили,impf
подстригли,perf
расставили,perf
отгородили,perf
отмечала,impf
цвело,impf
благоухало,impf
сияла,impf
ранили,perf
очистили,perf
отремонтировали,perf
сажали,impf
образовались,perf
намечал,impf
срубили,perf
любили,impf
рождались,impf
выращивали,impf
отзывались,impf
снабжал,impf
кипели,impf
разделил,perf
отгремели,perf
стоили,impf
провалилось,perf
переходили,perf
разбегались,impf
присвоили,perf
поражают,impf
плодоносят,impf
миновала,perf
понравился,perf
ознакомил,perf
касался,impf
утверждал,impf
присматривала,impf
испытывало,impf
выручались,impf
привлекало,impf
освещался,impf
продолжается,impf
именуется,impf
позволяют,impf
царил,impf
вычеканили,perf
вмещает,impf
сетовали,impf
снижало,impf
преобладали,impf
диктовал,impf
считалась,impf
появляются,impf
рождалась,impf
ориентировался,impf
выступала,impf
отличалась,impf
исправил,perf
сгорело,perf
восстанавливает,impf
звучала,impf
выстраивалась,impf
становилось,impf
подходил,impf
выдавал,impf
рассказывают,impf
достанется,perf
воскликнул,perf
станет,perf
хранил,impf
помог,perf
выступают,impf
приезжают,impf
помогло,perf
решались,impf
играла,impf
случались,impf
решает,impf
приглашают,impf
удлиняет,impf
надстраивает,impf
касаются,impf
сменили,perf
обосновалась,perf
конкурировали,impf
участились,perf
открыл,perf
ставятся,impf
признавал,impf
брался,impf
слышал,impf
сыграло,perf
вернул,perf
принесло,perf
зазвучала,perf
затмила,perf
парадировали,impf
скрещивались,impf
разъезжались,impf
делились,impf
дам,perf
восклицала,impf
длился,impf
блистало,impf
явились,perf
вынесли,perf
раздавала,impf
послужила,perf
закрепляется,impf
уничтожил,perf
говорил,impf
перестраивается,impf
смотрят,impf
коснулась,perf
потребовало,perf
обучает,impf
обитает,impf
проявила,perf
играл,impf
преуспела,perf
доходила,perf
дарила,impf
делала,impf
пустили,perf
выдержала,perf
спускаются,impf
объяснял,impf
заблагорассудится,perf
отвела,perf
сочетается,impf
превышает,impf
запрещала,impf
провинился,perf
исполняла,impf
пропела,perf
осыпали,perf
бросила,perf
схватила,perf
поцеловала,perf
закричала,perf
спаси,perf
подала,perf
исполнялись,impf
расстались,perf
радовала,impf
удавались,impf
отступило,perf
участвует,impf
творили,impf
звучали,impf
начиналось,impf
сопровождали,impf
именуются,impf
оказывал,impf
относилась,impf
испытывала,impf
устанавливалось,impf
прерывалось,impf
пригласила,perf
гремит,impf
прозвучали,perf
прельщает,impf
перекрывались,impf
прилегали,impf
заполняли,impf
переделал,perf
нарастали,impf
завораживали,impf
акцентирует,perf
послал,perf
доложил,perf
вышел,perf
потянулась,perf
радовал,impf
обеспечивал,impf
увеличились,perf
помешала,perf
уступал,impf
доложили,perf
ознакомился,perf
упражнялся,impf
различаются,impf
вырабатывались,impf
опирался,impf
предложила,perf
поступило,perf
«производили,impf
отвечали,impf
отодвигались,impf
получился,perf
нравилось,impf
загораживал,impf
закрывал,impf
заслонял,impf
уравновешивалось,impf
требовало,impf
преподносят,impf
запустил,perf
назрела,perf
предоставили,perf
позволяла,impf
пожертвовала,perf
отобразили,perf
раскрывался,impf
обладает,impf
вспоминают,impf
меняются,impf
славится,impf
составит,perf
наводился,impf
пролегла,perf
испытывали,impf
высказалась,perf
вынесла,perf
высказала,perf
ворвался,perf
нагнетался,impf
выбирался,impf
сооружалось,impf
спускались,impf
транспортируется,impf
вращалась,impf
поразило,perf
увеличился,perf
наметилась,perf
функционировал,impf
сдвинулось,perf
постановил,perf
меняли,impf
отменила,perf
заслуживает,impf
удовлетворяет,impf
вызывала,impf
заинтересовала,perf
проектировался,impf
способствовал,impf
опрокинулся,perf
контрастировали,impf
предусматривалось,impf
покоились,impf
вписали,perf
существовала,impf
производился,impf
мыслим,impf
вытекала,impf
осушили,perf
подозревал,impf
превратило,perf
увлекались,impf
удерживались,impf
скрывают,impf
обозначает,impf
символизировал,perf
повезёт,perf
занимаются,impf
вписалась,perf
найдётся,perf
предстояло,impf
увековечил,perf
пользуются,impf
сидят,impf
удерживают,impf
полюбился,perf
перекинут,perf
соединяется,impf
радует,impf
отразила,perf
волнует,impf
облюбовали,perf
строились,impf
позволял,impf
лишились,perf
носило,impf
привилось,perf
венчали,perf
прослужил,perf
обрушился,perf
переезжал,impf
заканчивался,impf
начинались,impf
квартировал,impf
сменилось,perf
придавали,impf
достигался,impf
проверялись,impf
простояла,perf
объяснялись,impf
перешагнул,perf
возрастало,impf
расширились,perf
выполнял,impf
гармонировали,impf
обращались,impf
оставила,perf
отсылались,impf
«произвели,perf
заменялись,impf
слились,perf
сыграла,perf
сохранялась,impf
производили,impf
являла,impf
разнесло,perf
соединяют,impf
спешил,impf
оступился,perf
перекрыл,perf
сомневались,impf
порождает,impf
утвердили,perf
закрывали,impf
замечают,impf
проехал,perf
ремонтировался,impf
прощались,impf
добавлял,impf
определили,perf
сужается,impf
проявилось,perf
отбивали,impf
расшибём,perf
будем,impf
перегружались,impf
уходили,perf
связали,perf
обслуживала,impf
определило,perf
посадил,perf
выписывал,impf
производятся,impf
равняются,impf
делит,impf
тянется,impf
сравнивают,impf
отошли,perf
вкладывалось,impf
поручают,impf
наступил,perf
скрывается,impf
дышится,impf
люблю,impf
чувствую,impf
освободилось,perf
сдавался,impf
причалила,perf
ступила,perf
насчитывается,impf
объединяет,impf
делят,impf
плещется,impf
попадает,impf
заключается,impf
заговорили,perf
надстроил,perf
закончился,perf
переходит,impf
выделяет,impf
нанесла,perf
заработали,perf
проявляется,impf
граничит,impf
возводят,impf
проводило,perf
создавало,impf
украшал,impf
отвечал,impf
составляют,impf
обеспечивается,impf
совмещали,impf
предстаёт,impf
воплотились,perf
царят,impf
открылись,perf
раскинулся,perf
охотились,impf
водилась,impf
выпускали,impf
задумывался,impf
показал,perf
упросила,perf
полюбила,perf
записал,perf
сочетались,impf
смотрится,impf
подвергся,perf
связывали,impf
ухаживал,impf
обручил,perf
«пришли,perf
интересовали,impf
дошли,perf
узнал,perf
отсутствуют,impf
вышли,perf
развернула,perf
проявился,perf
демонстрировал,impf
жалела,impf
господствует,impf
протянулись,perf
выравнивает,impf
переносит,impf
раскрывалось,impf
равнялась,impf
отвечает,impf
подчеркнули,perf
таят,impf
восхищает,impf
удивляет,impf
вспомнила,perf
восторгались,impf
принесла,perf
вывезли,perf
понадобились,perf
расширялся,impf
благоустраивался,impf
подчёркивали,impf
запретили,perf
расселяли,impf
распадается,impf
разделял,impf
отдавала,impf
значило,impf
надеялась,impf
заметила,perf
захотелось,perf
срезал,impf
отвлекли,perf
забыла,perf
закончилось,perf
завлекает,impf
придерживался,impf
заставила,perf
разделяет,impf
главенствует,impf
развивается,impf
обращался,impf
выпадает,impf
воплотил,perf
въехала,perf
предпочитали,impf
оформлялись,impf
пополнялись,impf
вносил,impf
сохранялось,impf
создавался,impf
повезло,perf
относились,impf
сделается,perf
отличают,impf
поручили,perf
захлестнула,perf
стилизовались,impf
мыслился,impf
осознавал,impf
наслаждался,impf
приобретала,impf
находила,perf
закладывался,impf
тяготеет,impf
расширил,perf
контрастируют,impf
походил,perf
сочетал,perf
потолки,perf
рекомендовалось,impf
предписывалось,impf
дружили,impf
становились,impf
приписал,perf
отошла,perf
возбуждают,impf
хочу,impf
превзошёл,perf
содержались,impf
выявлял,impf
приближала,impf
создавалась,impf
переместилась,perf
сожгли,perf
состоят,impf
потеряло,perf
расценил,perf
появлялся,impf
создавалось,impf
заключались,impf
осваивал,impf
находил,perf
расширило,perf
набивали,impf
прессовали,impf
утрамбовывали,impf
трамбовали,impf
поддерживала,impf
породил,perf
подготовили,perf
выкрасили,perf
навещал,impf
выезжали,impf
предоставлял,impf
привлекают,impf
требуют,impf
организуется,perf
продолжаются,impf
сформировалась,perf
выпускается,impf
рекомендуем,perf
ходит,impf
камень-на-оби,perf
отличаются,impf
пользуемся,impf
звоним,impf
действуют,impf
опережает,impf
произрастают,impf
заходит,impf
протекает,impf
алей,impf
отличает,impf
славятся,impf
растут,impf
буйствует,impf
растёт,impf
прячутся,impf
гнездятся,impf
водятся,impf
перепела,perf
обитают,impf
водится,impf
сооружается,impf
заработал,perf
возделывало,impf
расширяло,impf
форсировало,perf
проживают,impf
окончил,perf
выступал,impf
«живёт,impf
приводит,impf
увеличиваются,impf
приходит,impf
уменьшилось,perf
прочую,perf
развивались,impf
выгорело,perf
соединила,perf
изменился,perf
обрело,perf
подверглось,perf
и расписывался,impf
восстанавливается,impf
бывают,impf
ходил,impf
кончаются,impf
начинаются,impf
пёр,impf
превращается,impf
и ул,perf
следовало,impf
воплотила,perf
воздвигли,perf
утвердился,perf
проникли,perf
сумели,perf
возросли,perf
составляло,impf
открылось,perf
позволил,perf
работают,impf
разводят,impf
предназначалось,impf
влияет,impf
меняют,impf
применяются,impf
специализируется,impf
лечат,impf
подходит,impf
замечали,impf
замерзает,impf
поили,impf
рассказали,perf
ассоциируются,impf
чувствуются,impf
впечатляет,impf
ср,perf
сдал,perf
исполнял,impf
пересекается,impf
окажемся,perf
пойму,perf
заполняет,impf
добираются,impf
строится,impf
притягивает,impf
совершают,impf
выбрали,perf
будете,impf
уступают,impf
обходится,impf
специализируются,perf
актру,impf
собирают,impf
сопровождают,impf
охотятся,impf
организуют,perf
расскажут,perf
делаются,impf
предусматривает,impf
купаются,impf
организуются,perf
обретает,impf
ограничивается,impf
минует,perf
осуществляет,impf
ходят,impf
выполняются,impf
добирается,impf
регулируют,impf
отправляет,impf
отправляются,impf
дежурят,impf
звонят,impf
обеспечивают,impf
изобилуют,impf
наблюдается,impf
обусловил,perf
преобладают,impf
переносятся,impf
наблюдаются,impf
джучи,impf
ускорило,perf
поднялось,perf
потрясло,perf
обработал,perf
ездят,impf
кайчи,perf
нанёс,perf
описал,perf
исследовал,perf
«есть,impf
приобщал,impf
фигурируют,impf
выделились,perf
употребляли,impf
пили,impf
гонят,impf
переселяются,impf
населяют,impf
следует,impf
читают,impf
завязывают,impf
воспринималась,impf
лежали,impf
освободит,perf
возлагалась,impf
надлежало,impf
развивалось,impf
проводит,impf
оказывает,impf
сказителю-кайчи,perf
закупила,perf
рассказывается,impf
приехали,perf
светлую,impf
завёл,perf
понравились,perf
приспособили,perf
рекомендовал,perf
олицетворяли,impf
ориентируются,impf
сдают,impf
предлагаются,impf
приносит,impf
нагревается,impf
слои,impf
заражает,impf
едут,impf
пригодятся,perf
вносят,impf
можем,impf
направляйте,impf
сооружают,impf
дарует,perf
разрастается,impf
наделяет,impf
устремляется,impf
разрушает,impf
умирает,impf
переживает,impf
зарождается,impf
возглавляет,impf
разбивают,impf
преследуется,impf
бегут,perf
следуют,impf
подъем,perf
строят,impf
переселяется,impf
раскрывается,impf
ослабляют,impf
вондела,perf
заселяется,impf
образуется,impf
увеличивается,impf
сохраняют,impf
протестуют,impf
участвуют,impf
приводят,impf
захватывают,impf
расторг,perf
потрясает,impf
скрывалась,impf
ждёт,impf
минуют,perf
«мут,perf
помогает,impf
накладывает,impf
стекались,impf
выпускала,impf
отвоевали,perf
защищают,impf
отхлынуло,perf
пронизывает,impf
испытывал,impf
вызвало,perf
различают,impf
напомним,perf
катаются,impf
соблюдаются,impf
удивляют,impf
крадут,impf
пребывают,impf
владеет,impf
препятствуют,impf
пройдёт,perf
планируется,impf
можете,impf
привлечёт,perf
желали,impf
победило,perf
стоите,impf
производит,impf
использует,impf
закончились,perf
царит,impf
скользят,impf
заставляли,impf
покоится,impf
попадёте,perf
погрузитесь,perf
увидите,perf
висят,impf
объединялись,impf
заботились,impf
учили,impf
разрешили,perf
собралась,perf
обрамляют,impf
датируется,impf
*бегейнхофкапел,perf
выплюнул,perf
сгорела,perf
спей,perf
попадаете,impf
чувствуется,impf
сгрудились,perf
хантёр,impf
выстроился,perf
развернули,perf
погружаешься,impf
насладились,perf
поверните,perf
чеканили,impf
хемони,perf
дойдёте,perf
ищет,impf
манят,impf
смотрит,impf
процветала,impf
устраивает,impf
заказали,perf
планирует,impf
выставляются,impf
и соединяет,impf
блестит,impf
откроете,perf
знакомит,impf
виднеются,impf
охватывает,impf
разрушались,impf
фиксирует,perf
показывают,impf
поднялась,perf
привозила,impf
увеличивалась,impf
творил,impf
воспроизводятся,impf
обставили,perf
расположилось,perf
бросается,impf
кипит,impf
приютился,perf
используют,impf
приносились,impf
попадаем,impf
попали,perf
осели,perf
взирают,impf
предлагают,impf
желают,impf
фотографировали,impf
терпели,impf
канула,perf
даются,impf
освещается,impf
ахтербургвал,impf
форбургвал,impf
расширялась,impf
пристроили,perf
добавилась,perf
обновлялась,impf
подверглась,perf
сдавались,impf
запрещали,impf
решал,impf
появлялось,impf
причаливают,impf
откроется,perf
хевёл,impf
указывает,impf
загляните,perf
светит,impf
оживают,impf
мультатули,impf
интересуетесь,impf
удостоился,perf
высмеивал,impf
клеймили,impf
проведёт,perf
выглядели,perf
обратите,perf
изображает,impf
окаймляют,impf
хотят,impf
выдали,perf
выжил,perf
отслеживают,impf
документируют,perf
публикуют,impf
утверждают,impf
покажется,perf
завлекают,impf
поможет,perf
заселялся,impf
усиливала,impf
предпринимали,impf
столкнулось,perf
покупали,impf
исчезли,perf
смешиваются,impf
горланят,impf
нравится,impf
вторгаются,impf
замыкают,impf
закрылись,perf
старайтесь,impf
выглядят,impf
утопает,impf
висит,impf
отражались,impf
спрятался,perf
взгляните,perf
узнаете,perf
подскажут,perf
боролся,impf
выходите,perf
выдают,impf
ожидает,impf
выйдете,perf
сосредоточилось,perf
устали,perf
советуем,impf
произрастает,impf
открылась,perf
заказывайте,impf
бегейнхофкапел,perf
образуются,impf
почтили,perf
ведётся,impf
приведёт,perf
наслаждаются,impf
демонстрируют,impf
проносятся,impf
катят,impf
предаётся,impf
устремляет,impf
стекаются,impf
бродишь,impf
достигло,perf
и превратил,perf
смешались,perf
хорошей,impf
тонет,impf
исчезают,impf
нашла,perf
оглашает,impf
бросают,impf
нависают,impf
образовался,perf
управлялась,impf
пропустите,perf
окажетесь,perf
проработало,perf
используются,impf
кипела,impf
перенеслись,perf
встают,impf
готовят,impf
перенесёт,perf
почуял,perf
выпекают,impf
находят,perf
аппел,impf
аппела,impf
упустят,perf
процветают,impf
демонстрирует,impf
кормят,impf
цветут,impf
рекламирует,impf
продавал,impf
бывает,impf
приглашает,impf
свежую,impf
зависит,impf
едят,impf
покрылась,perf
пьют,impf
культивируют,impf
протекают,impf
попробуйте,perf
обедают,impf
подают,impf
сияют,impf
становятся,impf
паэлью,impf
потекут,perf
смешивают,impf
пробуют,impf
чувствуют,impf
толпятся,impf
надеется,impf
разрешается,impf
имейте,impf
любит,impf
захочется,perf
приютились,perf
сочетает,perf
порылись,perf
перетрясли,perf
поискали,perf
разбегаются,impf
ценится,impf
концентрируются,impf
обосновались,perf
хотите,impf
разочарует,perf
поставлялись,impf
захотите,perf
помогут,perf
обожают,impf
утоляют,impf
пользуется,impf
продают,impf
празднуют,impf
вытряхиваются,impf
прочёсываются,impf
запруживаются,impf
удивился,perf
найдёт,perf
будь,impf
оставляют,impf
услышите,perf
подготавливают,impf
чередуются,impf
пульсирует,impf
танцуют,impf
флиртуют,impf
посещают,impf
выстроились,perf
предпочитают,impf
предпочитаете,impf
идут,impf
притягивают,impf
превращают,impf
ставится,impf
поётся,impf
высвечивается,impf
крутится,impf
печатается,impf
предпочитает,impf
происходил,impf
перенял,perf
добивался,impf
даётся,impf
отдаёт,impf
преобладает,impf
заряжают,impf
взводят,impf
рисует,impf
обрезали,impf
отказывается,impf
считался,impf
находим,perf
скрываются,impf
складировали,perf
превращались,impf
перемещались,impf
бился,impf
разрабатывали,impf
заподозришь,perf
воплотили,perf
вселилось,perf
создаются,impf
побудил,perf
превышало,impf
приходится,impf
одерживает,impf
подхватываются,impf
видоизменяются,impf
пожалеете,perf
упакуете,perf
помешает,perf
прибывают,impf
курсируют,impf
принимаются,impf
отпускается,impf
закрывается,impf
запрещают,impf
остерегайтесь,impf
следите,impf
держитесь,impf
возрастает,impf
функционирует,impf
станут,perf
оставляется,impf
будьте,impf
стимулирует,perf
определяется,impf
текут,impf
отмечают,impf
справляют,impf
распахивают,impf
заполняются,impf
понимают,impf
попытайтесь,perf
поймут,perf
найдут,perf
простите,perf
понимаю,impf
беру,impf
издавалось,impf
добрались,perf
прилагалась,impf
напоминали,impf
переиздавались,impf
переводились,impf
уделяли,impf
скрывалось,impf
таит,impf
видал,impf
затягивает,impf
пропало,perf
броди,impf
блуждай,impf
будят,impf
задувают,impf
несутся,impf
светило,impf
жалуется,impf
проявляются,impf
заезжают,impf
портят,impf
сыщешь,perf
пахнет,impf
избавит,perf
решите,perf
потребуются,perf
истекает,impf
отвергаются,impf
увидит,perf
узнает,perf
завернёт,perf
поступают,impf
оплачивается,impf
стоила,impf
собираетесь,impf
въезжаете,impf
сделайте,perf
летите,impf
летает,impf
затянется,perf
торопитесь,impf
учтите,perf
сделался,perf
обнаружат,perf
едете,impf
довезут,perf
решитесь,perf
отходит,perf
пойдёт,perf
подумают,perf
оформляется,impf
проверьте,perf
выдаётся,impf
помещается,impf
запрещается,impf
сдерут,perf
посадят,perf
умеют,impf
захотят,perf
помогу,perf
повысились,perf
берут,impf
обозначались,impf
выпускаются,impf
путешествует,impf
оперируют,perf
обмениваются,impf
понадобятся,perf
живёте,impf
имеете,impf
перепутайте,perf
сядьте,perf
займёт,perf
высадит,perf
меняете,impf
наберите,perf
набираются,impf
набирайте,impf
опускается,impf
звоните,impf
добавляйте,impf
попадаются,impf
открываются,impf
сможете,perf
зарегистрировался,perf
посылаете,impf
выберите,perf
продлевают,impf
объясняются,impf
закрываются,impf
старается,impf
пересекаете,impf
покупайте,impf
отсчитываете,impf
сгибаете,impf
засовываете,impf
повторяете,impf
потребуется,perf
требуется,impf
производится,impf
спросит,perf
проверит,perf
продаст,perf
проштампует,perf
поставит,perf
проделает,perf
путешествуете,impf
понадобится,perf
пролезете,perf
соблюдают,impf
носятся,impf
укачивает,impf
разъезжают,impf
заметил,perf
реагируют,impf
получится,perf
казалась,impf
подчиняется,impf
думают,impf
глядите,impf
испортите,perf
берите,impf
засмеют,perf
затолкают,perf
замучают,perf
пристёгивайте,impf
свистнули,perf
поощряет,impf
подумайте,perf
поймают,perf
оберётесь,perf
отважитесь,perf
падают,impf
засекут,perf
наклеят,perf
заблокируют,perf
снимет,perf
забронировали,perf
обнаружится,perf
резервируют,perf
остановила,perf
испытывают,impf
попросят,perf
интересуют,impf
арестовали,perf
постарайтесь,perf
заявите,perf
сообщите,perf
заблудились,perf
найдите,perf
постараются,perf
начнёт,perf
отправят,perf
идите,impf
обокрали,perf
обратитесь,perf
ищите,impf
позвоните,perf
свяжитесь,perf
кончились,perf
дойдут,perf
планируете,impf
взимается,impf
выдадут,perf
дадут,perf
заболели,perf
продадут,perf
годится,impf
примут,perf
зайдите,perf
обсуждается,impf
публикует,impf
издаётся,impf
публикуется,impf
сформировалось,perf
шумит,impf
выкопали,perf
кловенирсбургвал,impf
обозначили,perf
дожили,perf
заселили,perf
заключили,perf
довели,perf
прибавляется,impf
сваненбургвал,impf
выплеснулся,perf
проступает,impf
побывало,perf
отгораживает,impf
мчатся,impf
заходили,perf
выставлялось,impf
пожалел,perf
перекосило,perf
растрескались,perf
протестовали,impf
спали,perf
голубей,impf
сменяли,perf
воцарилась,perf
сосуществуют,impf
складывали,impf
михиела,impf
сжёг,perf
смеются,impf
зачитывали,impf
выписывали,impf
разбирали,impf
портило,impf
набил,perf
познакомил,perf
останавливается,impf
постой,perf
вносила,impf
пн-ср,perf
сходятся,impf
водрузили,perf
защищала,impf
толпился,impf
печатали,impf
разогнала,perf
проиграли,perf
дразнили,impf
перестанут,perf
отняли,perf
оккупировали,perf
движутся,impf
ответвляется,impf
распределяет,impf
сжались,perf
боятся,impf
склоняются,impf
отлынивал,impf
грозили,impf
заполнялась,impf
борется,impf
ахали,impf
ужасались,impf
впечатляло,impf
выбросился,perf
соперничает,impf
расплачивались,impf
синт-олофскапел,perf
пугают,impf
окажется,perf
плакали,impf
переводится,impf
отплыл,perf
обнаружил,perf
контролировала,impf
вело,impf
оправдала,perf
удовлетворяется,impf
соседствуют,impf
бьёт,impf
завешивается,impf
скукоживается,impf
разговаривают,impf
листают,impf
пустуют,impf
гуляют,impf
достраивали,impf
пережил,perf
изготовил,perf
очищали,impf
игрывал,impf
плавают,impf
трогали,impf
портит,impf
гримбургвал,impf
агнитенкапел,perf
услышишь,perf
вондел,perf
исправляет,impf
плачь,impf
мщу,impf
понуждаю,impf
пускали,impf
скупали,impf
охватила,perf
выводит,perf
подаёт,impf
сочло,perf
соединяются,impf
оказываешься,impf
разгуливает,impf
руководила,impf
доставлялось,impf
вывешивались,impf
поступали,impf
бывало,impf
торгуют,impf
интересовались,impf
упрочилась,perf
сгоняли,impf
досталось,perf
отвлеклись,perf
утяжелили,perf
выровняли,perf
белеет,impf
говаривали,impf
нарушают,impf
спрятал,perf
изучали,impf
тратили,impf
совмещались,impf
увеличивалось,impf
предназначались,impf
ограничивалась,impf
отправляйтесь,impf
мешают,impf
отделяет,impf
взбираются,impf
отдыхали,impf
цветёт,impf
покой,impf
слыхал,impf
хватают,impf
тащат,impf
пользовалась,impf
виднеется,impf
заседали,impf
отреставрировали,perf
развозили,impf
чинили,impf
умели,impf
заменяли,impf
красуются,impf
сингела,impf
спигела,impf
уснастил,perf
застраховал,perf
постарались,perf
жаловались,impf
перемежаются,impf
"""три",impf
волновали,impf
михела,impf
хэвела,impf
занимается,impf
толпились,impf
глазели,impf
снуют,impf
выделывали,impf
воспротивились,perf
пугали,impf
обладала,impf
залезали,impf
отсекала,impf
вывешивала,impf
отсвечивает,impf
обнимает,impf
навестил,perf
пил,impf
ругался,impf
разнёс,perf
предавались,impf
разбранил,perf
решились,perf
снарядил,perf
отправил,perf
предназначалась,impf
подчёркивала,impf
стремится,impf
переоборудовал,perf
слушала,impf
полагается,impf
сочли,perf
отправили,perf
обитал,impf
полагал,impf
ошибался,impf
длилось,impf
бродят,impf
стараются,impf
заканчивалась,impf
оставляли,impf
выделила,perf
кутили,impf
справляла,impf
недолюбливают,impf
мечутся,impf
прилепился,perf
бросятся,perf
покончил,perf
издаёт,impf
проводят,impf
числятся,impf
вселилась,perf
помещалась,impf
торговал,impf
снарядили,perf
брукемой,impf
притягивал,impf
висели,impf
соблюдалось,impf
схорела,impf
прилепилась,perf
синим,impf
возникнет,perf
сдабривал,impf
образовалась,perf
снабдили,perf
приютилась,perf
распределяются,impf
перетекает,impf
расходятся,impf
пронзает,impf
поубавилось,perf
налезают,impf
повыветрился,perf
разъехались,perf
выносят,impf
выпивают,impf
закусывают,impf
сгрудилось,perf
ненавидели,impf
звонит,impf
лидировал,impf
перемежались,impf
подвешивали,impf
затеяли,perf
состояли,impf
удостоились,perf
исполняются,impf
высаживали,impf
запирают,impf
пишут,impf
aнсло,perf
ансло,perf
квартирует,impf
кормит,impf
целую,impf
отрубили,perf
расти,impf
удвоилось,perf
переживал,impf
потребовался,perf
деформировали,perf
затронуло,perf
сохранила,perf
переезжала,impf
выставили,perf
прибавили,perf
разыгрывает,impf
соответствовало,impf
угадывались,impf
дирижировали,impf
хиндемит,perf
проруководил,impf
тренировались,impf
портили,impf
хайвеем,impf
примостился,perf
взбирается,impf
рассчитали,perf
струится,impf
выложили,perf
спроектировали,perf
добивались,impf
спроектировало,perf
покуривают,impf
напомнит,perf
квартируют,impf
разгорелось,perf
перегородили,perf
отставал,impf
стекается,impf
вращается,impf
влезет,perf
подорожали,perf
наливают,impf
перебрасываются,impf
снимали,impf
уступали,impf
понаоткрывали,impf
пускают,impf
хлынули,perf
делали,impf
сохраняли,impf
двинулись,perf
бежали,perf
пребывали,impf
переместился,perf
опасался,impf
следили,impf
царила,impf
выжили,perf
закручивали,impf
пометили,perf
лишили,perf
огородили,perf
отправляли,impf
вымер,perf
шумел,impf
перегружали,impf
громоздится,impf
равви,perf
оглохнешь,perf
разочаровал,perf
получились,perf
текли,impf
кренились,impf
громили,impf
ложились,impf
помогли,perf
выучился,perf
зияет,impf
следовал,impf
выступили,perf
нажили,perf
бросились,perf
выслушивал,impf
наблюдали,impf
разгуливают,impf
сбежали,perf
ездит,impf
уточняются,impf
приобретёте,perf
купите,perf
случаются,impf
хочется,impf
хватит,perf
пролежали,perf
оказали,perf
закроется,perf
пытаются,impf
промотал,perf
крутишь,impf
спасла,perf
скрипят,impf
меняло,impf
переделывали,impf
получал,impf
разбогатела,perf
фервей,impf
возят,impf
посмотрите,perf
реставрируют,perf
толпится,impf
прилагается,impf
читайте,impf
организует,perf
смущает,impf
рекомендуется,impf
интересуется,impf
найдутся,perf
производят,impf
выставляет,impf
показывает,impf
выставляют,impf
смело,impf
режут,impf
заглатывают,impf
недостаёт,impf
сочится,impf
рекомендуются,impf
готовит,impf
предложат,perf
приводятся,impf
соберётесь,perf
просидят,perf
переходят,perf
включается,impf
произносите,impf
назовите,perf
ценят,impf
вывешивают,impf
заметили,perf
заходите,perf
подводят,impf
наполняет,impf
ел,impf
встаёт,impf
усваивается,impf
согревает,impf
просачивается,impf
закапаете,perf
спускаешься,impf
пустует,impf
получат,perf
входите,impf
сервируют,perf
пите,perf
упихнёте,perf
столуется,impf
влезает,impf
журчит,impf
спят,impf
подаётся,impf
раздобыли,perf
влезают,impf
обнаружите,perf
рапенбургвал,impf
избаловалась,perf
просматривается,impf
придумали,perf
обслуживают,impf
запылились,perf
удовлетворят,perf
болтается,impf
покупаешь,impf
верти,impf
царствовали,impf
кайтэн-дзуси,perf
набираешь,impf
съедаешь,impf
платишь,impf
соответствует,impf
выуживаем,impf
вознаграждается,impf
хочет,impf
киши,impf
уценивают,impf
закусывайте,impf
облагораживает,impf
имитируют,impf
уменьшается,impf
осматривают,impf
заполняют,impf
зарождаются,impf
проталкиваются,impf
парусит,impf
сервируются,impf
пьёт,impf
читает,impf
попадаешь,impf
выпекается,impf
садитесь,impf
соединялось,impf
возьмите,perf
мелькают,impf
мелькает,impf
поют,impf
посчитали,perf
импортирует,perf
гудят,impf
достроили,perf
забредают,impf
войдите,perf
поднимитесь,perf
целуются,impf
соблазнит,perf
ломится,impf
замелькали,perf
омрачает,impf
гордятся,impf
смущают,impf
течёт,impf
успеете,perf
влюбляешься,impf
сошьют,perf
подивитесь,perf
стыдятся,impf
распродаёт,impf
деним,perf
распирает,impf
гладит,impf
отсеивается,impf
торгует,impf
получите,perf
скажите,perf
госпел,perf
любите,impf
проходите,perf
уйдёте,perf
изготовляют,impf
надоели,perf
отыщется,perf
вешают,impf
найдёте,perf
обзаведитесь,perf
жуют,impf
хранят,impf
нацеживают,impf
серебрятся,impf
просите,impf
разберётесь,perf
трогайте,impf
избавитесь,perf
питаются,impf
благоухает,impf
видали,impf
понравятся,perf
подарите,perf
закупают,impf
ожидают,impf
думаете,impf
ешьте,impf
крутятся,impf
шаурмой,impf
подадут,perf
заблудитесь,perf
вызовут,perf
набираете,impf
оставят,perf
съел,perf
приходите,impf
проделывают,impf
отравитесь,perf
считает,impf
снится,impf
побеждают,impf
учреждают,impf
подпадает,impf
провозглашают,impf
одерживают,impf
удаётся,impf
отвоёвывает,impf
провозглашает,impf
объединяются,impf
формируется,impf
перемещается,impf
изгоняют,impf
вытесняется,impf
наказывают,impf
вступают,impf
подвергаются,impf
выигрывает,impf
побеждает,impf
одобряет,impf
впечатляют,impf
вытянулся,perf
творят,impf
попробуете,perf
считайте,perf
причастились,perf
бьётся,impf
берутся,impf
складывают,impf
застопорились,perf
крестились,perf
поселили,perf
простиралось,impf
очаровывает,impf
кастельёт,impf
совпадает,impf
упомянем,perf
наткнулись,perf
являет,impf
взмывают,impf
рамбла,perf
испробует,perf
вернётся,perf
отваживались,impf
возрос,perf
переливается,impf
финансировала,perf
избирали,impf
возродился,perf
следят,impf
эусеби,perf
оживает,impf
выходим,perf
развернул,perf
одержал,perf
приводили,impf
освобождается,impf
приближаются,impf
восходят,impf
встретите,perf
богатела,impf
обретала,impf
обратила,perf
разросся,perf
перестраивалась,impf
развернулся,perf
излучают,impf
загораживали,impf
резвится,impf
– разместились,perf
заседает,impf
фалькеса-и-урпи,perf
ценятся,impf
видите,impf
резвятся,impf
знакомят,impf
отражалось,impf
оформился,perf
пропагандировали,impf
применяли,impf
получают,impf
назовём,perf
предпринял,perf
походит,perf
освещает,impf
коллекционировал,impf
отошло,perf
маноло,perf
посвящал,impf
беверли,perf
пеппёр,impf
посвятила,perf
подавлялись,impf
расстреливали,impf
 открывается,impf
желаете,impf
раскинулась,perf
восседает,impf
выиграл,perf
сорвала,perf
возносится,impf
отметим,perf
формируются,impf
поместили,perf
заслуживают,impf
располагает,impf
сопровождаются,impf
буйгас,impf
предаёт,impf
прозябала,impf
реконструируют,perf
дымили,impf
украшаются,impf
отреставрировал,perf
поднимает,impf
доставят,perf
преодолеете,perf
доставит,perf
подниметесь,perf
осмотрят,perf
разнообразят,impf
заменяют,impf
вписываются,impf
приобретается,impf
прекращается,impf
бросаются,impf
жерони,perf
облегчают,impf
приписывается,impf
видим,impf
горят,impf
перебираются,impf
кишит,impf
встретили,perf
вносит,impf
привлекли,perf
откажите,perf
охраняется,impf
чествует,impf
празднуется,impf
тли,impf
наградила,perf
эуджени,perf
замирает,impf
льорет,impf
танцует,impf
льётся,impf
гудит,impf
извещает,impf
облюбовала,perf
отбавляй,impf
предлагается,impf
увидим,perf
обжаривается,impf
марискаль,impf
покупают,impf
находит,impf
курсирует,impf
поступает,impf
превратил,perf
изучаешь,impf
настраивают,impf
заказывают,impf
готовится,impf
уважает,impf
томится,impf
оброс,perf
упустите,perf
упоминали,impf
запасают,impf
укладывается,impf
накладывается,impf
поджигается,impf
очищают,impf
выражается,impf
восторгаются,impf
наносится,perf
усваивался,impf
обрели,perf
называет,impf
прибавляет,impf
уделяет,impf
брют,perf
завоевала,perf
совершенствовали,impf
добавились,perf
спорят,impf
включили,perf
дозревают,impf
подоспел,perf
разливается,impf
делается,impf
выпускают,impf
заказываются,impf
почувствуете,perf
покалывает,impf
заполнятся,perf
заглядывает,impf
заслужила,perf
начинала,impf
обошлась,perf
видит,impf
настало,perf
расцвели,perf
осаждали,impf
осваивает,impf
устремляются,impf
окупает,impf
свесили,perf
оккупирует,perf
отплясывает,impf
подбирают,impf
выбирают,impf
достигли,perf
возвещает,impf
указываются,impf
потягивал,impf
восхититесь,perf
исполняется,impf
пробуждается,impf
отказывался,impf
переживала,impf
позаимствовал,perf
представлялась,impf
столкнулся,perf
прибегает,impf
обозначил,perf
меняет,impf
затягивалось,impf
разрослась,perf
прекратил,perf
обрушились,perf
отмечаются,impf
празднует,impf
вплетаются,impf
чествуют,impf
растягивается,impf
доказывают,impf
веселятся,impf
сопровождает,impf
пробивают,impf
раздаются,impf
полыхает,impf
громоздятся,impf
стемнеет,perf
взрываются,impf
расцветает,impf
переводятся,impf
печатает,impf
укажет,perf
оплачивает,impf
обращайте,impf
следуйте,impf
оплачиваете,impf
предъявляется,impf
регулируется,impf
карается,impf
уступи,perf
подлежат,impf
приобретайте,impf
утро/день,perf
извините,perf
льунь,perf
авуй,impf
вуэло,impf
бильёте,impf
битльёт,impf
принесите,perf
/ ла,impf
мехильонёс,perf
/эмбутит,impf
описываются,impf
предпринимает,impf
покоряет,impf
расширяют,impf
разрушается,impf
покидают,impf
укрепляет,impf
способствует,impf
укрепляется,impf
избирается,impf
основывает,impf
переживают,impf
сворачивает,impf
возрастают,impf
терпит,impf
блокируют,perf
утверждается,impf
упрощаются,impf
выдвигаются,impf
объявляет,impf
распространилась,perf
тянутся,impf
поддаются,impf
открывают,impf
реализуются,perf
обостряется,impf
заглядывают,impf
сан-суси,perf
смотрятся,impf
*культурбрауэрай,impf
заявляет,impf
гнездится,impf
стоило,impf
засиял,perf
решит,perf
удалась,perf
выпадало,impf
возрождалась,impf
изменились,perf
провозгласил,perf
ознаменовало,perf
поставила,perf
довершаются,impf
направится,perf
вступили,perf
насчитывал,impf
тянулась,impf
вдохновился,perf
позировала,impf
решило,perf
вступил,perf
окончилось,perf
разнеслась,perf
кишела,impf
взобрались,perf
блистают,impf
преследовали,impf
убивали,impf
въедете,perf
блистает,impf
пощадили,perf
зачитываются,impf
проецируются,impf
использовало,perf
пела,impf
притягивала,impf
пытается,impf
пойдёте,perf
упрётесь,perf
продемонстрировали,perf
оборудовал,perf
наделала,perf
переместила,perf
привлёк,perf
взрастил,perf
преподавали,impf
учатся,impf
переделала,perf
ставит,impf
пей,impf
предвосхищает,impf
цинкирли,perf
боролось,impf
встроили,perf
либкхнет,perf
вступает,impf
потребовались,perf
уделяется,impf
пребывает,impf
сгорала,impf
обрела,perf
выглядел,perf
намеревалась,impf
ставила,impf
бегас,impf
заполонили,perf
надеемся,impf
сделает,perf
согнали,perf
поджидают,impf
заявила,perf
сияет,impf
изготавливаются,impf
сложится,perf
прерывается,impf
нашло,perf
предоставил,perf
помнит,impf
возвещают,impf
разбомбили,perf
исполняют,impf
боится,impf
поверил,perf
пожалели,perf
вкушают,impf
объединился,perf
засияла,perf
восхитили,perf
захотел,perf
осуществилось,perf
воздвигся,perf
херти,perf
восстало,perf
приземлился,perf
взмывает,impf
движется,impf
иллюстрирует,impf
снискала,perf
тянет,impf
защитили,perf
наложили,perf
проживает,impf
обогащают,impf
воплощает,impf
пилотировала,impf
терроризировали,impf
допрашивали,impf
пытали,impf
отказали,perf
пришёлся,perf
лидирует,impf
намеревался,impf
ограничиваются,impf
парятся,impf
перевозили,perf
придёте,perf
выращивают,impf
поймёт,perf
потянулись,perf
намечаются,impf
запечатлела,perf
выделялась,impf
дотянулись,perf
ставят,impf
*пратёр,impf
пересекаем,impf
«делай,impf
закончится,perf
сгружали,impf
выросло,perf
«беги,perf
беги,perf
пыталась,impf
бросится,perf
готовятся,impf
**сан-суси,perf
обозначают,impf
приютилось,perf
обслуживали,impf
качали,impf
начертал,perf
отражается,impf
уединялся,impf
вдохновляли,impf
проектировались,impf
подписали,perf
нравятся,impf
снимала,impf
сняла,perf
отваживается,impf
развлечёт,perf
расскажет,perf
пролегает,impf
мешало,impf
«оставайся,impf
отходят,perf
завершится,perf
потчует,impf
накрывают,impf
орёг,perf
заставляют,impf
слывёт,impf
мерёт,perf
пфистёр,perf
руководит,impf
построило,perf
«театёр,impf
теснится,impf
пробьётесь,perf
распространяется,impf
гуляет,impf
снизит,perf
смыкаются,impf
превратится,perf
длятся,impf
подойдут,perf
проезжает,impf
ловишь,impf
заселяют,impf
покоряют,impf
завоёвывает,impf
попадают,impf
подавляются,impf
теряют,impf
насаждает,impf
присоединяется,impf
борются,impf
склоняется,impf
правит,impf
вторгается,impf
свергает,impf
казнят,perf
голосуют,impf
демократизируется,impf
златни,perf
бряг,perf
поднимаетесь,impf
надстраивался,impf
перестраивался,impf
пел,impf
уживаются,impf
заимствовали,perf
преуспевал,impf
положило,perf
сопровождается,impf
учиняют,impf
обрабатывали,impf
развивалась,impf
доставляло,impf
шефствует,impf
повёл,perf
огораживает,impf
разыгрывают,impf
покрылись,perf
сгнили,perf
окружает,impf
затопляют,impf
посчастливится,perf
предприняли,perf
гордился,impf
отыщите,perf
подступают,impf
располагают,impf
*свети,impf
спускается,impf
бьют,impf
вдаются,impf
распорядились,perf
обновляют,impf
затягивается,impf
извиваются,impf
балуют,impf
устанавливают,impf
стартуют,perf
едешь,impf
покажет,perf
обрывается,impf
полагают,impf
разрушились,perf
совмещают,impf
окажутся,perf
почитают,impf
выцвели,perf
карабкается,impf
насыпается,impf
и назывался,impf
научились,perf
присмотрела,perf
велела,perf
достигают,impf
стучат,impf
строгают,impf
куют,impf
упоминают,impf
потребовали,perf
сплели,perf
спрыгнули,perf
просят,impf
даст,perf
вырубали,impf
покрывается,impf
обустраивают,impf
превращаются,impf
прилетают,impf
освободител,perf
свети,impf
галлати,perf
развлекает,impf
убеждают,impf
бургас,impf
добавим,perf
занялись,perf
кишели,impf
передвигается,impf
договариваются,impf
скачут,impf
перестаёте,impf
находитесь,impf
закрепилась,perf
прогоняет,perf
совершает,impf
запудрит,perf
распространяются,impf
колонизировали,perf
чеканил,impf
процветал,impf
развивался,impf
включило,perf
получается,impf
кръстител,perf
поставляется,impf
чистится,impf
приезжает,impf
догоняет,perf
обеспечивает,impf
порадует,perf
встречает,impf
позволяли,impf
богориди,impf
призывают,impf
высаживались,impf
бороздили,impf
удерживает,impf
харманите,impf
предоставляют,impf
примешивается,impf
возбраняется,impf
гденибудь,impf
останетесь,perf
выезжают,impf
огибают,impf
закрылся,perf
зазывают,impf
гарантирует,perf
изменится,perf
раскупается,perf
застраивается,impf
вьют,impf
практикуют,impf
южни,impf
прилагаются,impf
разогревают,impf
ныряют,impf
хромает,impf
богороди,perf
съезжаются,impf
чудошнисите,perf
набежали,perf
предпочли,perf
пляшет,impf
скрывали,impf
избрал,perf
способствовала,impf
скачет,impf
поддерживается,impf
лепятся,impf
провозгласили,perf
воздвигались,impf
восставали,impf
возражают,impf
остановитесь,perf
извивается,impf
сталкивали,impf
миновал,perf
махала,impf
четиридесёт,perf
призывали,impf
констанцали,impf
покрывают,impf
вводит,impf
пожелают,perf
 прячется,impf
изготавливалось,impf
отвоевала,perf
платили,impf
надевают,impf
контролируется,impf
довольствуются,impf
преодолела,perf
опирается,impf
 устремляется,impf
спряталась,perf
осуществляется,impf
продолжила,perf
удалился,perf
прослыл,perf
разрушали,impf
грабили,impf
достался,perf
переселилась,perf
ответвляются,impf
перекрывают,impf
соприкасаются,impf
рисовал,impf
контролировали,impf
сверкают,impf
сините,impf
камъни,perf
процветает,impf
возвращаетесь,impf
совмещает,impf
господствовали,impf
наполняют,impf
освежает,impf
размешивают,impf
балнени,perf
выбирали,impf
разделяют,impf
простираются,impf
отстаёт,impf
обходите,perf
прогревается,impf
сбрасывались,impf
зажигают,impf
обрезают,impf
отмечается,impf
кладут,impf
пень,impf
разбирают,impf
берёте,impf
ремонтируется,impf
заботит,impf
избегайте,impf
организовало,perf
в день,perf
50 мл,impf
покупаете,impf
допускается,impf
налагается,impf
способствуете,impf
выезжает,impf
и работают,impf
представляем,impf
заказывается,impf
объехали,perf
сомневаемся,impf
понравится,perf
облегчат,perf
завидуем,impf
предстоит,impf
выражаем,impf
признаем,perf
определяет,impf
обращайтесь,impf
ознакомьтесь,perf
успевает,impf
перейдите,perf
опустите,perf
ослабьте,perf
расстегните,perf
поднесите,perf
разотрите,perf
положите,perf
поднимите,perf
забинтуйте,perf
снимите,perf
откажитесь,perf
носите,impf
используйте,perf
обгорели,perf
помогите,perf
наложите,perf
успокаивают,impf
уменьшают,impf
ныряли,impf
перегрелись,perf
высморкайтесь,perf
готовилась,impf
хранилась,impf
усугубляет,impf
лечится,impf
пейте,impf
прокипятите,perf
профильтруйте,perf
капните,perf
бросьте,perf
проникают,impf
соблюдайте,impf
мойте,impf
употребляйте,impf
протирайте,impf
заболевает,impf
перерастает,impf
передаётся,impf
размножается,impf
рекомендуют,perf
прекращайте,impf
продолжайте,impf
наносят,impf
сдувает,impf
кусают,impf
вызывается,impf
храните,impf
предоставляется,impf
остановит,perf
попросит,perf
засиделись,perf
вызовите,perf
выбирайте,impf
обходит,perf
публикуются,impf
осуществляются,impf
осуществляют,impf
обанкротилась,perf
подлежит,impf
обдумайте,perf
круглосут,perf
платят,impf
исчисляется,impf
варьируются,impf
располагали,impf
отгоняли,perf
изготавливают,impf
переняли,perf
украсит,perf
подразумевал,impf
сочинил,perf
призывал,impf
избираются,impf
пройдут,perf
регистрируются,impf
назначаются,impf
утверждаются,impf
разделяется,impf
копирует,impf
превышала,impf
прибывала,impf
оказало,perf
вещают,impf
предполагают,impf
проживало,impf
омывает,impf
вырабатывается,impf
орошается,impf
орошаются,impf
обусловливает,impf
держатся,impf
выпадают,impf
превышают,impf
успевают,impf
населяло,impf
расселились,perf
выпускает,impf
рио-гранди-ду-норти,perf
сержипи,perf
размножаются,impf
риу-гранди-ду-норти,perf
допускаются,impf
извлекают,impf
вдохновила,perf
питают,impf
кабрал,impf
решилась,perf
высадились,perf
внесли,perf
вывозились,perf
боролись,impf
выпустила,perf
захватил,perf
рассматривают,impf
отбывают,impf
характеризуются,impf
варгас,impf
вынуждает,impf
наделил,perf
отменил,perf
устанавливается,impf
примкнуло,perf
отправило,perf
истёк,perf
подал,perf
выпало,perf
угрожает,impf
выигрывала,impf
завершит,perf
сдвигается,impf
инсценируют,perf
воспроизводят,impf
50-й,impf
согревают,impf
ору,impf
взрывает,impf
погружается,impf
жобим,perf
совершаются,impf
проследует,perf
спускают,impf
совершается,impf
доставляет,impf
доставляют,impf
бем-те-ви,perf
и вмещает,impf
избрала,perf
раскачивают,impf
пели,impf
отмечал,impf
потерпело,perf
промышлял,impf
вырви,perf
достигла,perf
налаживались,impf
возрастал,impf
повлиял,perf
отделились,perf
учились,impf
возвращались,impf
ухудшилась,perf
иссякал,impf
поддержит,perf
предал,perf
обрекался,impf
казнили,perf
придерживались,impf
подписала,perf
коэлью,impf
висконти,perf
пожертвовали,perf
заменило,perf
собирала,impf
1922-й,impf
ознаменовался,perf
содержалась,impf
уцелело,perf
родились,perf
содержатся,impf
конкурируют,impf
колеблется,impf
выйдет,perf
отдыхают,impf
гоняют,impf
снискали,perf
мечтает,impf
выбери,perf
назвала,perf
обеспечат,perf
отнял,perf
начертили,perf
бурлит,impf
 стоит,impf
просуществовало,perf
встретилось,perf
привозились,impf
выкупил,perf
воспитывал,impf
лишился,perf
взбирался,impf
итаколоми,impf
огибает,impf
добывали,impf
приносили,impf
селятся,impf
тьёте,perf
ограничивалось,impf
сосредоточивалась,impf
значилось,impf
сосуществует,impf
выдаёт,impf
пролезет,perf
пьетру,impf
педру-алварес-кабрал,perf
бурли,impf
воспроизводит,impf
либердади,perf
находишься,impf
призывает,impf
уезжайте,impf
оставались,impf
предпочёл,perf
намеревались,impf
«если,perf
созвал,perf
обязал,perf
призвал,perf
зачитали,perf
обнажил,perf
подзабыт,perf
тупи,impf
шутят,impf
приобретают,impf
рассуждает,impf
ломают,impf
окрестил,perf
ступили,perf
исполняли,impf
к ним,perf
подчинялся,impf
высыпал,perf
скрести,perf
формовал,impf
оживлял,impf
страдало,impf
направляемся,impf
проследуем,perf
приблизимся,perf
направимся,perf
вернёмся,perf
выйдем,perf
секли,impf
виделась,impf
благоприятствовали,impf
подослал,perf
обрушилось,perf
смыло,perf
легли,perf
зарыдает,perf
откликнись,perf
приезжай,impf
вберут,perf
теснят,impf
слышишь,impf
приедешь,perf
зазвучит,perf
исполнят,perf
споют,perf
поднимут,perf
отправятся,perf
сплелись,perf
колышет,impf
обновляется,impf
объединила,perf
повязывают,impf
расхаживают,impf
наигрывают,impf
возглавляют,impf
направляется,impf
стёрся,perf
противились,impf
обучали,impf
добавили,perf
практиковались,impf
развивает,impf
напевают,impf
трясёт,impf
стучит,impf
уцелеет,perf
вымоет,perf
плясали,impf
ели,impf
раздают,impf
завяжет,perf
сбудутся,perf
порвётся,perf
удастся,perf
принесёт,perf
обнаруживаются,impf
стремилась,impf
включила,perf
перенеслась,perf
обсыпали,perf
веселились,impf
бросались,impf
обливали,impf
шествует,impf
метрополитану-ду-абаете,impf
абаете,impf
отавиу-мангабейра/ул,perf
привнесли,perf
завезли,perf
смешивали,impf
подносят,impf
инферну,perf
освещаются,impf
кажу,impf
кабрала,impf
обновили,perf
рождаются,impf
аргоим,perf
забудьте,perf
нояб,perf
доберутся,perf
выбивает,impf
22-й,impf
иссякли,perf
преодолевают,impf
манге-секу,impf
швартуются,impf
«зумби,perf
предполагает,impf
посетите,perf
учли,perf
сыграли,perf
развернулась,perf
жарят,impf
охраняет,impf
подарит,perf
вытянулись,perf
снимался,impf
съезжается,impf
откладывают,impf
волнуется,impf
варьируется,impf
уйдёт,perf
витает,impf
тронет,perf
влюбляются,impf
просит,impf
думает,impf
«становится,impf
поселяются,impf
охладевает,impf
грустит,impf
ест,impf
соотносится,impf
загорают,impf
разворачивается,impf
поддавайтесь,impf
оставьте,perf
садится,impf
преодолевает,impf
наложила,perf
стремятся,impf
формируют,impf
оспаривают,impf
рассказываются,impf
недооценивают,impf
сравнил,perf
посоветовал,perf
представляется,impf
проделал,perf
сблизился,perf
увлёкся,perf
избрали,perf
поднял,perf
заразил,perf
заставил,perf
верят,impf
дополняет,impf
изумляет,impf
создаст,perf
гойяс,perf
гойяс-вэлью,impf
риу-вермэлью,impf
отсутствует,impf
упрочила,perf
причинили,perf
алту-параизу-де-гойяс,perf
раскинулись,perf
возникают,impf
подразделяют,impf
главенствуют,impf
марешал,impf
собирает,impf
«лови,impf
влекут,impf
рио-гранде-ду-сyл,impf
гнали,impf
комприду,perf
предстанут,perf
побудило,perf
бразил,impf
продлит,perf
добавит,perf
показали,perf
хлопотал,impf
мисионёс,impf
увеличивают,impf
рассекают,impf
оканчивается,impf
найпи,perf
смотрелась,impf
сели,perf
сбежала,perf
рассвирепел,perf
сгинула,perf
довозят,perf
отвозят,perf
проверяют,impf
грозит,impf
оставит,perf
интересует,impf
летают,impf
соседствует,impf
подсвечивается,impf
выстрелили,perf
санта-крус-де-аньятомирим,perf
санту-антониу-де-ратонёс,perf
заказывал,impf
отгружают,impf
подпортили,perf
сопротивляется,impf
подступает,impf
заходят,impf
шествуют,impf
сохранит,perf
обслуживает,impf
изменяется,impf
устоялось,perf
заваривают,impf
смонтировали,perf
превозносил,impf
осваивали,impf
равняется,impf
помогали,impf
обосновываются,impf
завоёвывают,impf
основывают,impf
отступают,impf
разгромил,perf
расширяет,impf
опустошают,impf
хуньяди,perf
погибает,impf
добивается,impf
ограничивает,impf
отменяет,impf
подавляет,impf
хорти,perf
оказываются,impf
высылаются,impf
подавляют,impf
формирует,impf
короновались,perf
буду,impf
превозносили,impf
бытовало,impf
снятся,impf
оценила,perf
померкли,perf
нанесли,perf
пожонь,perf
сопротивлялась,impf
включались,impf
отсчитываются,impf
начнём,perf
встретит,perf
победили,perf
побродите,perf
испытайте,perf
предстал,perf
повествуют,impf
и возвели,perf
откроются,perf
воздаёт,impf
воссоздают,impf
задержится,perf
объединилось,perf
нарекли,perf
претерпела,perf
переделали,perf
удалили,perf
побелили,perf
удалил,perf
доминируют,impf
отображают,impf
узнается,perf
свелась,perf
возобладало,perf
распространял,impf
заколотила,perf
сбросила,perf
обогатили,perf
снимает,impf
взимали,impf
повышался,impf
баттянь,perf
приковывает,impf
ночевали,impf
прилегает,impf
явствует,impf
выстраиваются,impf
нанизываются,impf
изменяются,impf
увидёте,impf
завоевали,perf
и основали,perf
нежились,impf
опишем,perf
возили,impf
жолнай,impf
скрывает,impf
разгружали,impf
мешал,impf
фесла,perf
лишилась,perf
и находилась,impf
и является,impf
ломятся,impf
документирует,perf
араню,perf
завораживает,impf
предвосхищают,impf
ибла,perf
предстали,perf
прилегают,impf
эстерхази,perf
шагала,impf
подойдёт,perf
переносили,impf
угас,perf
гостила,impf
приедете,perf
поступите,perf
поедете,perf
привносят,impf
потерпел,perf
разбогател,perf
творится,impf
пополняется,impf
делятся,impf
застал,perf
отправитесь,perf
сходится,impf
выручит,perf
пересекаются,impf
предвидим,impf
запомните,perf
будайскую,perf
поднимет,perf
делаете,impf
ныряете,impf
отвлечёт,perf
ударил,perf
напились,perf
пробурили,perf
исцелились,perf
оцениваются,impf
умеет,impf
излечивала,impf
отставали,impf
имелось,impf
советовали,impf
заметьте,perf
сообщает,impf
купались,impf
заботятся,impf
обновляются,impf
поглощают,impf
смазываются,impf
намазывают,impf
ловят,impf
запивают,impf
усвоится,perf
добавляются,impf
поставляют,impf
увенчались,perf
препочитают,impf
перебивает,impf
заменял,impf
закажете,perf
принесут,perf
прописывали,impf
выдерживают,impf
проверяйте,impf
приветствуется,impf
посещается,impf
закрывались,impf
заслужило,perf
сменяют,perf
чокайтесь,impf
принимается,impf
вслушайтесь,perf
объясняет,impf
вешаются,impf
испытывает,impf
объединились,perf
пожелает,perf
в байрейте,impf
понимал,impf
возродил,perf
«пасло,impf
публиковал,impf
расцвело,perf
переводил,perf
обеспечивали,impf
захватывает,impf
эмигрировал,perf
сплавляются,impf
«исследовал,perf
зависят,impf
заимствует,perf
оказывают,impf
смягчают,impf
уточните,perf
переваривается,impf
присоединилась,perf
ввозите,impf
регламентируется,impf
облегчает,impf
узнайте,perf
рассмотрите,perf
убедитесь,perf
оставляйте,impf
дайте,perf
уточняйте,impf
отобьёте,perf
решайте,impf
модернизируется,impf
дождитесь,perf
задерживаются,impf
округляйте,impf
следит,impf
настаивают,impf
присоединяются,impf
[тёр,impf
[кес'ен'ем,impf
говорю,impf
